id,first_name,last_name,email,gender,ip_address
1,Bernardo,Trickett,btrickett0@sogou.com,Male,27.213.159.204
2,Simonne,Bodesson,sbodesson1@live.com,Female,218.171.109.158
3,Nancie,Lawrance,nlawrance2@i2i.jp,Female,29.215.47.123
4,Vitoria,Rings,vrings3@phpbb.com,Genderfluid,238.112.93.38
5,Moses,Watmough,mwatmough4@bigcartel.com,Male,100.51.96.1
6,Angel,Luckin,aluckin5@360.cn,Male,64.103.107.142
7,Annalise,Ladon,aladon6@xrea.com,Female,250.13.104.202
8,Ringo,Blissett,rblissett7@mail.ru,Male,105.67.222.148
9,Eugenio,Dat,edat8@addthis.com,Male,79.222.205.180
10,Krissy,O'Cosgra,kocosgra9@linkedin.com,Female,103.24.187.16
11,Cyndia,Hembrow,chembrowa@google.ru,Female,134.25.223.114
12,Rafaelia,Simonini,rsimoninib@cbsnews.com,Female,209.255.74.174
13,Maxim,Bellward,mbellwardc@state.gov,Polygender,143.73.25.40
14,Sofie,Packington,spackingtond@ycombinator.com,Female,4.101.82.250
15,Karole,Klus,kkluse@who.int,Female,173.151.24.86
16,Aaren,Drillot,adrillotf@mit.edu,Female,52.123.190.3
17,Zorina,Mannin,zmanning@booking.com,Female,202.170.215.92
18,Charis,Limer,climerh@hao123.com,Female,60.42.152.218
19,Delainey,Buckel,dbuckeli@ihg.com,Male,143.208.69.59
20,Ximenes,Mapston,xmapstonj@uol.com.br,Male,170.52.47.222
21,Freida,Drew,fdrewk@canalblog.com,Female,117.194.223.79
22,Paulie,Pitman,ppitmanl@imdb.com,Genderqueer,188.193.198.99
23,Ethelbert,Krolik,ekrolikm@weibo.com,Male,164.20.185.108
24,Gilberto,Felten,gfeltenn@last.fm,Male,30.26.166.26
25,Cordelia,Parsand,cparsando@weebly.com,Female,146.116.151.193
26,Derek,O'Loughane,doloughanep@slate.com,Male,149.229.31.99
27,Fiann,Pirt,fpirtq@cafepress.com,Female,229.79.74.146
28,Dyana,Dearle-Palser,ddearlepalserr@hostgator.com,Female,89.84.73.217
29,Harold,Walbrook,hwalbrooks@tinypic.com,Male,16.186.41.95
30,Melony,Hardbattle,mhardbattlet@angelfire.com,Female,147.162.176.135
31,Dominique,Sindell,dsindellu@friendfeed.com,Non-binary,224.101.198.125
32,Angelle,Naisbitt,anaisbittv@pcworld.com,Female,192.29.209.7
33,Nevins,Muncie,nmunciew@hugedomains.com,Male,36.168.195.199
34,Lavena,Warlow,lwarlowx@domainmarket.com,Bigender,162.215.249.206
35,Bent,Blasik,bblasiky@squarespace.com,Male,141.132.52.66
36,Huntlee,Ertel,hertelz@theatlantic.com,Male,204.34.213.112
37,Jeromy,Keith,jkeith10@oaic.gov.au,Male,96.242.237.35
38,Kip,Rumming,krumming11@va.gov,Female,0.54.17.143
39,Durant,Colchett,dcolchett12@amazon.com,Male,240.104.109.183
40,Ev,Colloff,ecolloff13@prlog.org,Male,159.126.3.118
41,Arni,Kryszka,akryszka14@mail.ru,Male,149.212.241.2
42,Jennee,Roark,jroark15@gmpg.org,Female,71.246.152.145
43,Jannelle,De Vaar,jdevaar16@redcross.org,Female,150.85.85.170
44,Bridget,Oliff,boliff17@ucsd.edu,Female,169.208.235.20
45,Trixy,Vaugham,tvaugham18@merriam-webster.com,Female,63.8.84.188
46,Rabbi,Tomasini,rtomasini19@sakura.ne.jp,Non-binary,159.168.41.117
47,Virgil,Ashwell,vashwell1a@bbb.org,Male,173.110.6.183
48,Faun,Bridywater,fbridywater1b@about.com,Female,200.69.11.236
49,Windy,Branthwaite,wbranthwaite1c@free.fr,Female,76.195.44.172
50,Ulrica,Bibb,ubibb1d@privacy.gov.au,Female,129.45.185.230
51,Wendel,Alyonov,walyonov1e@berkeley.edu,Male,123.122.117.30
52,Marvin,Battrick,mbattrick1f@nymag.com,Male,99.55.52.53
53,Colman,Milnes,cmilnes1g@answers.com,Male,86.223.160.107
54,Karole,Pottinger,kpottinger1h@utexas.edu,Female,27.55.148.2
55,Vale,Towsey,vtowsey1i@tiny.cc,Female,85.185.77.153
56,Sibella,Youngman,syoungman1j@cbslocal.com,Female,245.56.241.182
57,Iona,Kevane,ikevane1k@whitehouse.gov,Female,37.51.98.104
58,Arturo,Robinette,arobinette1l@nhs.uk,Male,186.194.44.228
59,Rodrigo,Caplin,rcaplin1m@opensource.org,Male,121.152.223.4
60,Dorthea,Vasin,dvasin1n@google.co.uk,Agender,119.106.165.200
61,Kippar,Gaudin,kgaudin1o@pinterest.com,Male,48.69.38.42
62,Janos,Eddowis,jeddowis1p@amazonaws.com,Male,30.130.44.9
63,Augustin,Grigorian,agrigorian1q@archive.org,Male,134.186.155.198
64,Pepillo,Battin,pbattin1r@angelfire.com,Male,43.247.127.31
65,Milty,Broker,mbroker1s@webnode.com,Male,6.29.230.22
66,Pearla,Noddings,pnoddings1t@mlb.com,Female,56.137.160.145
67,Kaylil,Eskell,keskell1u@chronoengine.com,Female,247.231.1.198
68,Wilfrid,Flavelle,wflavelle1v@google.com.hk,Male,231.197.209.64
69,Rhona,Phillot,rphillot1w@skyrock.com,Female,152.90.253.245
70,Wilhelmina,Nussgen,wnussgen1x@answers.com,Female,63.242.57.108
71,Hamil,Kreber,hkreber1y@newsvine.com,Male,217.189.204.23
72,Reeva,Henniger,rhenniger1z@loc.gov,Female,82.44.224.89
73,Margareta,Matussov,mmatussov20@xrea.com,Female,203.7.89.120
74,Vicki,Ten Broek,vtenbroek21@microsoft.com,Female,145.135.0.124
75,Tremaine,Garvie,tgarvie22@nymag.com,Male,23.167.64.132
76,Humphrey,Ceely,hceely23@feedburner.com,Male,73.27.13.255
77,Mathian,Sirr,msirr24@ed.gov,Male,176.9.128.73
78,Karoly,Shrubb,kshrubb25@myspace.com,Male,23.170.45.82
79,Husain,Pietasch,hpietasch26@wordpress.com,Male,6.111.23.114
80,Codi,Stroyan,cstroyan27@apache.org,Male,111.7.124.128
81,Serene,Mor,smor28@dot.gov,Agender,198.95.142.82
82,Janot,Siberry,jsiberry29@tripod.com,Female,197.158.113.203
83,Sandor,Semechik,ssemechik2a@cnet.com,Male,113.72.184.145
84,Kariotta,Duffield,kduffield2b@typepad.com,Female,155.108.194.9
85,Ferne,Newlove,fnewlove2c@dot.gov,Female,94.150.247.1
86,Reggie,Gourley,rgourley2d@whitehouse.gov,Female,67.189.159.246
87,Ely,Slimon,eslimon2e@naver.com,Male,10.19.240.209
88,Dolorita,Kirkam,dkirkam2f@redcross.org,Female,81.51.158.247
89,Cati,Harms,charms2g@va.gov,Female,69.4.52.83
90,Clevie,Begbie,cbegbie2h@wordpress.org,Male,205.117.1.3
91,Reyna,Paffitt,rpaffitt2i@hibu.com,Female,61.67.208.42
92,Karyl,Itzcak,kitzcak2j@csmonitor.com,Female,75.16.179.197
93,Mikel,Barosch,mbarosch2k@slashdot.org,Male,74.128.168.148
94,Jeni,Mordy,jmordy2l@netvibes.com,Female,86.115.99.70
95,Susie,Jakubowicz,sjakubowicz2m@google.com,Female,196.109.17.121
96,Stavro,Petticrow,spetticrow2n@over-blog.com,Bigender,104.141.221.242
97,Clay,Ferrarini,cferrarini2o@free.fr,Male,216.135.242.36
98,Ezri,Southernwood,esouthernwood2p@yolasite.com,Agender,138.103.149.35
99,Martie,Hubeaux,mhubeaux2q@booking.com,Male,218.254.127.33
100,Roselle,Ferrettini,rferrettini2r@google.ca,Female,9.129.45.146
101,Dynah,Piken,dpiken2s@scientificamerican.com,Female,29.151.231.160
102,Armand,Rannald,arannald2t@dagondesign.com,Agender,248.145.97.33
103,Phelia,Whatson,pwhatson2u@g.co,Polygender,104.170.205.137
104,Skye,Raoux,sraoux2v@sitemeter.com,Male,238.172.76.26
105,Neils,Giorgietto,ngiorgietto2w@toplist.cz,Male,155.3.198.117
106,Wildon,Iscowitz,wiscowitz2x@w3.org,Male,202.251.197.85
107,Karia,Lanaway,klanaway2y@ifeng.com,Female,55.100.175.218
108,Westley,Ruggen,wruggen2z@lycos.com,Male,141.107.85.167
109,Lena,Pedrozzi,lpedrozzi30@meetup.com,Non-binary,13.200.190.111
110,Cole,Engel,cengel31@webs.com,Male,48.69.63.20
111,Gilbert,Larkins,glarkins32@php.net,Male,36.200.8.120
112,Alayne,Thewlis,athewlis33@google.pl,Female,52.48.149.164
113,Bond,Prevost,bprevost34@adobe.com,Male,82.64.19.153
114,Pat,Cleverley,pcleverley35@phoca.cz,Female,219.70.87.93
115,Lynett,Orhtmann,lorhtmann36@zdnet.com,Female,113.229.194.120
116,Nichol,Hartburn,nhartburn37@google.cn,Female,43.135.238.174
117,Royal,Dornin,rdornin38@craigslist.org,Male,110.148.146.140
118,Amabelle,Doelle,adoelle39@archive.org,Female,98.154.136.175
119,Kathlin,Gegay,kgegay3a@google.co.uk,Female,24.227.62.217
120,Annmaria,Aslett,aaslett3b@sourceforge.net,Female,202.55.155.214
121,Haze,Thackston,hthackston3c@1688.com,Male,182.175.96.254
122,Ritchie,Cowndley,rcowndley3d@dell.com,Male,225.11.85.156
123,Corette,Bletsor,cbletsor3e@networkadvertising.org,Female,49.239.106.103
124,Stavros,Duprey,sduprey3f@amazon.co.uk,Male,82.26.204.169
125,Roxi,Yeudall,ryeudall3g@mtv.com,Female,40.238.136.63
126,Georges,Tonkes,gtonkes3h@yahoo.com,Male,14.117.0.58
127,Farrel,Dacombe,fdacombe3i@blogspot.com,Male,162.181.78.167
128,Jourdain,Eamer,jeamer3j@reuters.com,Male,116.220.43.152
129,Corly,Tarren,ctarren3k@telegraph.co.uk,Female,34.237.76.160
130,Jilly,Curtois,jcurtois3l@twitter.com,Female,221.38.217.228
131,Sherye,Haresign,sharesign3m@topsy.com,Non-binary,196.190.51.132
132,Kelsey,Divers,kdivers3n@bluehost.com,Male,22.92.153.54
133,Cammie,Sallier,csallier3o@freewebs.com,Genderfluid,255.196.3.66
134,Bond,Djekic,bdjekic3p@discovery.com,Male,35.233.162.158
135,Jody,Tallon,jtallon3q@parallels.com,Female,251.81.184.150
136,Tuesday,Baggaley,tbaggaley3r@examiner.com,Female,114.250.242.90
137,Anthiathia,Layhe,alayhe3s@nifty.com,Female,228.36.204.63
138,Sergio,Goodings,sgoodings3t@linkedin.com,Male,115.142.212.198
139,Constantina,Madeley,cmadeley3u@i2i.jp,Female,61.54.177.221
140,Rustie,Sellstrom,rsellstrom3v@canalblog.com,Male,220.77.169.129
141,Margarete,Witherington,mwitherington3w@myspace.com,Female,109.91.124.16
142,Lazarus,Sueter,lsueter3x@so-net.ne.jp,Polygender,70.116.198.82
143,Giulia,Didball,gdidball3y@purevolume.com,Female,119.235.226.107
144,Amie,Motto,amotto3z@bravesites.com,Female,189.113.217.246
145,Mord,Wadlow,mwadlow40@oaic.gov.au,Genderqueer,67.254.99.243
146,Nicolea,Cunniffe,ncunniffe41@census.gov,Female,92.172.166.131
147,Chancey,Scay,cscay42@globo.com,Male,157.67.205.69
148,Cello,Eyckel,ceyckel43@usatoday.com,Male,61.236.186.65
149,Harry,Burkitt,hburkitt44@edublogs.org,Male,181.188.239.155
150,Sallyann,Gehrts,sgehrts45@google.ru,Female,155.146.92.237
151,Yard,Cressey,ycressey46@ed.gov,Male,28.70.109.29
152,Tyrus,Eisikovitsh,teisikovitsh47@facebook.com,Male,147.241.249.1
153,Nicolette,Stockley,nstockley48@themeforest.net,Female,194.16.99.169
154,Tristan,Bundy,tbundy49@java.com,Male,245.143.104.135
155,Trey,Margrett,tmargrett4a@nbcnews.com,Male,46.160.57.46
156,Tannie,Hampstead,thampstead4b@theguardian.com,Male,143.136.59.1
157,Dulcia,Heakey,dheakey4c@yahoo.com,Female,174.184.83.148
158,Myron,Nehlsen,mnehlsen4d@salon.com,Male,90.204.8.0
159,Florie,Fotitt,ffotitt4e@artisteer.com,Female,229.33.71.11
160,Alister,Lidierth,alidierth4f@ucla.edu,Male,100.75.51.88
161,Kimmy,Conyer,kconyer4g@salon.com,Female,192.201.223.226
162,Angelico,Eger,aeger4h@quantcast.com,Male,111.171.250.72
163,Patsy,Goning,pgoning4i@google.it,Male,72.60.233.9
164,Elinore,Benedetti,ebenedetti4j@google.ru,Female,90.175.182.191
165,Hakim,Aucourte,haucourte4k@merriam-webster.com,Male,81.24.169.198
166,Rex,Danielkiewicz,rdanielkiewicz4l@1und1.de,Male,0.190.30.207
167,Nikos,Anear,nanear4m@marriott.com,Male,181.17.121.42
168,Emalee,Watkinson,ewatkinson4n@bandcamp.com,Female,200.250.157.155
169,Dana,Semour,dsemour4o@wix.com,Male,240.192.56.173
170,George,MacCleod,gmaccleod4p@geocities.com,Female,33.116.46.164
171,Farrah,Sanger,fsanger4q@lulu.com,Female,67.217.29.243
172,Abby,Lardeux,alardeux4r@gizmodo.com,Male,221.202.19.92
173,Petr,Dursley,pdursley4s@epa.gov,Male,158.164.9.91
174,Tera,Orchart,torchart4t@instagram.com,Bigender,93.46.41.187
175,Balduin,Carwithan,bcarwithan4u@google.fr,Male,75.241.91.115
176,Karlee,Grosier,kgrosier4v@hugedomains.com,Female,242.154.78.80
177,Barnett,Andrzejewski,bandrzejewski4w@amazon.co.uk,Male,20.30.229.101
178,Ericha,Trendle,etrendle4x@mozilla.org,Female,117.47.147.84
179,Daryle,Ghidoli,dghidoli4y@gravatar.com,Male,83.28.88.116
180,Darcy,Delieu,ddelieu4z@mail.ru,Male,24.29.78.72
181,Avram,Doe,adoe50@abc.net.au,Male,195.101.161.75
182,Zollie,Impson,zimpson51@dedecms.com,Male,8.46.201.228
183,Yovonnda,Dilnot,ydilnot52@123-reg.co.uk,Female,126.13.239.228
184,Ede,Dugall,edugall53@stumbleupon.com,Female,224.222.239.165
185,Erv,Askey,easkey54@google.cn,Male,227.28.46.126
186,Derk,Dunaway,ddunaway55@bing.com,Genderfluid,81.90.48.142
187,Arluene,Tirte,atirte56@cmu.edu,Female,230.188.242.198
188,Gretta,MacCague,gmaccague57@arstechnica.com,Female,78.223.120.191
189,Christa,Jefferson,cjefferson58@barnesandnoble.com,Female,15.143.219.160
190,Ambur,Attyeo,aattyeo59@wikia.com,Female,15.39.78.233
191,Linn,Sposito,lsposito5a@multiply.com,Female,200.218.221.171
192,Pia,Alenikov,palenikov5b@addthis.com,Female,143.131.252.67
193,Crawford,Letchmore,cletchmore5c@chron.com,Male,87.22.95.74
194,Kerstin,Gheraldi,kgheraldi5d@vistaprint.com,Female,116.167.1.197
195,Honor,Gaskall,hgaskall5e@paginegialle.it,Female,91.207.41.181
196,Seline,Luciano,sluciano5f@salon.com,Female,86.14.140.190
197,Sancho,Gummoe,sgummoe5g@howstuffworks.com,Male,39.119.83.93
198,Sherlock,MacGeffen,smacgeffen5h@patch.com,Agender,232.86.198.218
199,Abbey,Bilbery,abilbery5i@unicef.org,Female,159.74.10.129
200,Anallise,Cobelli,acobelli5j@dot.gov,Female,202.45.154.37
201,Cirstoforo,Jesteco,cjesteco5k@disqus.com,Male,29.129.183.55
202,Corinne,D'Ambrogi,cdambrogi5l@cornell.edu,Female,100.204.14.125
203,Marylinda,Haller,mhaller5m@comsenz.com,Female,36.238.168.145
204,Guthrey,Crumly,gcrumly5n@uol.com.br,Genderqueer,54.230.158.251
205,Jacinta,Hebdon,jhebdon5o@photobucket.com,Female,159.156.253.76
206,Silvanus,Jacke,sjacke5p@theglobeandmail.com,Male,187.146.180.72
207,Holly,Joe,hjoe5q@unblog.fr,Non-binary,8.205.173.33
208,Kalina,Andor,kandor5r@xinhuanet.com,Agender,32.23.244.253
209,Dulcy,Chesters,dchesters5s@google.com.hk,Genderqueer,50.62.204.218
210,Miof mela,Hitter,mhitter5t@a8.net,Female,40.111.62.114
211,Zulema,Lindenfeld,zlindenfeld5u@oracle.com,Genderqueer,128.55.173.11
212,Towny,Melan,tmelan5v@japanpost.jp,Male,171.129.71.42
213,Zachary,Wickstead,zwickstead5w@blogtalkradio.com,Male,227.21.134.65
214,Leda,Gosalvez,lgosalvez5x@alexa.com,Female,113.233.193.249
215,Hinda,Tabram,htabram5y@msu.edu,Female,149.39.33.178
216,Chase,Garner,cgarner5z@seattletimes.com,Male,209.12.73.68
217,Murial,Stannard,mstannard60@adobe.com,Female,25.199.2.4
218,Coral,Whitwam,cwhitwam61@123-reg.co.uk,Bigender,48.227.145.17
219,Randy,Gravey,rgravey62@ft.com,Male,76.144.56.214
220,Alberto,Mellanby,amellanby63@sitemeter.com,Male,35.155.219.145
221,Danita,Hanselmann,dhanselmann64@so-net.ne.jp,Female,186.114.17.209
222,Denice,Hinz,dhinz65@wikia.com,Female,165.247.88.14
223,Nancee,Gally,ngally66@youtu.be,Female,199.16.195.205
224,Neda,Richmond,nrichmond67@fda.gov,Female,193.128.136.53
225,Averill,L'Hommeau,alhommeau68@google.com,Male,249.60.59.168
226,Brit,Decroix,bdecroix69@google.com.hk,Male,239.219.162.131
227,Aeriel,Soigne,asoigne6a@addtoany.com,Female,247.11.223.129
228,Barbette,Spoward,bspoward6b@merriam-webster.com,Female,14.63.111.145
229,Gus,Goligher,ggoligher6c@thetimes.co.uk,Male,228.123.148.97
230,Franciska,Attkins,fattkins6d@netscape.com,Female,129.61.77.224
231,Sawyer,McLaine,smclaine6e@so-net.ne.jp,Male,32.135.198.253
232,Quintus,Prudence,qprudence6f@pinterest.com,Male,220.61.133.72
233,Mordy,Comelini,mcomelini6g@businesswire.com,Male,110.151.141.49
234,Rubina,Strut,rstrut6h@artisteer.com,Female,69.250.52.147
235,Marlin,McKelvey,mmckelvey6i@mozilla.com,Male,230.29.217.165
236,Katheryn,Heigl,kheigl6j@buzzfeed.com,Female,42.82.0.110
237,Marilyn,Fieldgate,mfieldgate6k@bluehost.com,Female,78.216.196.39
238,Henrietta,Ingleston,hingleston6l@prnewswire.com,Bigender,89.143.35.165
239,Marsha,Durnall,mdurnall6m@wisc.edu,Female,146.66.231.187
240,Suzy,Bilbie,sbilbie6n@printfriendly.com,Female,160.223.107.239
241,King,Witt,kwitt6o@bloglovin.com,Male,105.226.74.19
242,Teodora,Towersey,ttowersey6p@taobao.com,Female,126.101.136.190
243,Mohandas,Perceval,mperceval6q@cafepress.com,Male,76.153.235.194
244,Gar,Sikorsky,gsikorsky6r@senate.gov,Male,201.59.244.179
245,Jyoti,Minmagh,jminmagh6s@technorati.com,Female,37.45.160.137
246,Agnola,Dounbare,adounbare6t@trellian.com,Female,180.60.228.220
247,Stacee,Murty,smurty6u@rakuten.co.jp,Female,54.37.111.31
248,Khalil,Tenwick,ktenwick6v@slashdot.org,Male,231.169.138.15
249,Holmes,Scannell,hscannell6w@un.org,Male,218.104.3.25
250,Kaylil,Aaron,kaaron6x@wordpress.org,Genderqueer,119.132.204.118
251,Stanley,Rampage,srampage6y@artisteer.com,Male,176.110.94.220
252,Renell,Borkin,rborkin6z@wordpress.org,Female,82.48.64.251
253,Patrizio,Cattell,pcattell70@ehow.com,Agender,154.205.127.99
254,Rutledge,Backwell,rbackwell71@booking.com,Male,170.118.76.207
255,Laurel,Wenden,lwenden72@t-online.de,Female,235.190.156.145
256,Jackelyn,Dumbar,jdumbar73@1688.com,Female,114.154.99.247
257,Alberta,Gadney,agadney74@cnbc.com,Female,231.119.164.75
258,Victoria,Corwin,vcorwin75@bloglines.com,Bigender,128.231.95.185
259,Nicki,Lum,nlum76@php.net,Female,238.200.23.145
260,Justina,Cranidge,jcranidge77@elegantthemes.com,Female,128.163.45.126
261,Maddalena,Angell,mangell78@wsj.com,Female,88.205.247.141
262,Raleigh,Springham,rspringham79@globo.com,Male,201.217.232.16
263,Jarret,Hockell,jhockell7a@parallels.com,Male,238.113.1.65
264,Francklin,Brackenbury,fbrackenbury7b@bigcartel.com,Male,14.19.22.19
265,Steffen,Shipley,sshipley7c@webeden.co.uk,Male,81.96.57.64
266,Al,Le Estut,aleestut7d@delicious.com,Male,200.13.121.98
267,Sigismondo,Levins,slevins7e@de.vu,Male,96.177.53.165
268,Lynda,Moret,lmoret7f@github.com,Female,132.247.205.31
269,Morie,Henri,mhenri7g@vkontakte.ru,Genderqueer,203.110.199.223
270,Irena,Byford,ibyford7h@arizona.edu,Female,127.151.225.170
271,Durand,Hammerson,dhammerson7i@oakley.com,Male,168.62.158.207
272,Gun,Von Salzberg,gvonsalzberg7j@shinystat.com,Male,152.166.91.218
273,Jesus,Kellaway,jkellaway7k@163.com,Male,187.234.6.91
274,Clovis,Bortolutti,cbortolutti7l@sogou.com,Female,143.62.156.77
275,Andromache,Vyel,avyel7m@reference.com,Female,94.189.160.75
276,Creighton,Wincott,cwincott7n@gnu.org,Male,158.167.71.195
277,Jaime,Cudby,jcudby7o@icio.us,Female,222.59.189.142
278,Den,O'Garmen,dogarmen7p@about.me,Male,2.235.204.131
279,Cthrine,Player,cplayer7q@army.mil,Female,18.246.208.177
280,Alejandrina,Woollcott,awoollcott7r@cam.ac.uk,Female,18.238.239.129
281,Cliff,Schechter,cschechter7s@tumblr.com,Male,163.134.206.99
282,Teador,Paulack,tpaulack7t@theglobeandmail.com,Polygender,53.172.93.7
283,Jerri,Stains,jstains7u@jalbum.net,Male,47.24.83.164
284,Alwyn,Cavalier,acavalier7v@quantcast.com,Male,146.19.131.145
285,Alyssa,Scuffham,ascuffham7w@miibeian.gov.cn,Female,17.230.248.174
286,Gilbert,Deftie,gdeftie7x@scribd.com,Male,72.95.253.230
287,Roze,Caldayrou,rcaldayrou7y@webs.com,Female,9.28.105.2
288,Betsey,Carnduff,bcarnduff7z@boston.com,Female,176.7.58.54
289,Keelby,Schoffel,kschoffel80@dedecms.com,Male,85.33.62.9
290,Glenine,Mitkin,gmitkin81@simplemachines.org,Female,21.197.34.201
291,Oswald,Tocher,otocher82@time.com,Male,11.5.166.39
292,Windham,Gambell,wgambell83@dropbox.com,Male,86.184.180.220
293,Jenna,Sabbatier,jsabbatier84@taobao.com,Genderfluid,79.42.95.136
294,Estrella,Owbrick,eowbrick85@hatena.ne.jp,Female,50.85.61.170
295,Joly,Rouff,jrouff86@people.com.cn,Female,205.69.2.126
296,Gunner,Filippello,gfilippello87@intel.com,Male,19.92.67.150
297,Niall,Hiner,nhiner88@sohu.com,Male,59.97.8.115
298,Camel,Jacketts,cjacketts89@ted.com,Female,122.19.14.130
299,Waverly,Bondar,wbondar8a@slate.com,Male,42.228.107.150
300,Percy,Scamaden,pscamaden8b@studiopress.com,Male,50.64.192.252
301,Jervis,Ducker,jducker8c@moonfruit.com,Male,70.45.96.173
302,Anna,Dobson,adobson8d@yandex.ru,Female,12.119.135.196
303,Lee,Tissier,ltissier8e@eventbrite.com,Male,5.128.37.7
304,Merrili,Calf,mcalf8f@wp.com,Female,210.186.248.122
305,Denni,Dilgarno,ddilgarno8g@mapy.cz,Female,59.129.241.177
306,Twyla,Gimert,tgimert8h@senate.gov,Female,235.61.73.7
307,Isobel,MacTeggart,imacteggart8i@zdnet.com,Bigender,218.109.164.122
308,Angelique,Bartos,abartos8j@gnu.org,Female,91.154.212.44
309,Fayre,Boylund,fboylund8k@mlb.com,Genderfluid,118.161.235.35
310,Faun,Noulton,fnoulton8l@domainmarket.com,Female,91.100.63.33
311,Lemar,Willoughway,lwilloughway8m@smh.com.au,Male,68.255.241.171
312,Glynn,Osgorby,gosgorby8n@goo.gl,Genderfluid,203.149.34.136
313,Berry,Vennard,bvennard8o@google.cn,Female,16.126.199.9
314,Glen,Carles,gcarles8p@live.com,Female,50.42.186.201
315,Amber,Whitney,awhitney8q@ifeng.com,Female,64.103.55.186
316,Jeramey,Bulfit,jbulfit8r@bravesites.com,Male,255.198.114.88
317,Whitby,Heady,wheady8s@ibm.com,Male,218.209.197.147
318,Corby,Davidesco,cdavidesco8t@gravatar.com,Male,20.148.13.98
319,Felicia,Dybell,fdybell8u@networksolutions.com,Female,123.189.182.29
320,Sammy,Treffrey,streffrey8v@tamu.edu,Female,20.107.126.79
321,Rhea,Atwell,ratwell8w@columbia.edu,Female,19.51.176.160
322,Alfreda,Gowdy,agowdy8x@facebook.com,Female,8.50.100.104
323,Brena,Samsin,bsamsin8y@usatoday.com,Female,149.92.148.194
324,Malanie,Naptin,mnaptin8z@blogspot.com,Female,135.70.42.33
325,Janela,Crosscombe,jcrosscombe90@weather.com,Female,175.130.120.87
326,Ainslie,Dyball,adyball91@spotify.com,Female,101.187.252.207
327,Emlyn,Lukianov,elukianov92@friendfeed.com,Non-binary,118.39.73.134
328,Sauveur,Domotor,sdomotor93@flavors.me,Male,116.198.59.28
329,Jaquenetta,Matushenko,jmatushenko94@census.gov,Female,68.254.44.159
330,Giavani,Exell,gexell95@odnoklassniki.ru,Male,220.141.199.82
331,Odele,Rowlson,orowlson96@prnewswire.com,Female,101.51.231.79
332,Kin,Wellings,kwellings97@cnet.com,Male,224.9.57.58
333,Charmaine,Parmiter,cparmiter98@wiley.com,Genderfluid,129.225.61.67
334,Joby,Girauld,jgirauld99@linkedin.com,Female,53.21.40.95
335,Jasun,Chipps,jchipps9a@cargocollective.com,Male,53.122.117.102
336,Becky,McLuckie,bmcluckie9b@acquirethisname.com,Female,49.172.77.105
337,Ashley,Overill,aoverill9c@studiopress.com,Male,4.218.176.107
338,Diane,Dach,ddach9d@simplemachines.org,Female,67.14.60.225
339,Rani,Daintry,rdaintry9e@tmall.com,Non-binary,11.184.111.151
340,Trumann,Scarrisbrick,tscarrisbrick9f@meetup.com,Male,248.134.60.100
341,Gloriana,Spragg,gspragg9g@prweb.com,Female,108.157.56.112
342,Gusti,Weymouth,gweymouth9h@bloglovin.com,Female,222.218.97.126
343,Rosabella,Nudde,rnudde9i@auda.org.au,Female,126.211.0.190
344,Hilliard,Paolucci,hpaolucci9j@springer.com,Male,22.96.193.230
345,Ermentrude,Harvie,eharvie9k@opera.com,Female,144.65.161.248
346,Alexis,Kiloh,akiloh9l@biblegateway.com,Male,10.181.90.27
347,Julita,Hodcroft,jhodcroft9m@mozilla.org,Female,217.246.182.84
348,Steffen,Ravenshaw,sravenshaw9n@java.com,Male,86.167.18.79
349,Odella,Assaf,oassaf9o@tripod.com,Female,8.31.244.74
350,Marcille,Roelvink,mroelvink9p@multiply.com,Genderqueer,134.238.28.170
351,Lindie,Lannin,llannin9q@sbwire.com,Female,120.49.109.58
352,Johnny,Hartin,jhartin9r@devhub.com,Male,247.135.151.98
353,Melisse,Fieldstone,mfieldstone9s@nasa.gov,Female,183.34.17.117
354,Goldina,Polle,gpolle9t@zdnet.com,Female,130.107.98.44
355,Marjory,Flay,mflay9u@intel.com,Female,194.4.114.249
356,Ailis,Fearne,afearne9v@skype.com,Female,216.221.108.65
357,Mikel,Tumioto,mtumioto9w@moonfruit.com,Male,246.188.209.241
358,Fernande,Shemmans,fshemmans9x@virginia.edu,Female,215.108.11.102
359,Donni,Retallack,dretallack9y@wp.com,Female,106.82.61.99
360,Edeline,Meir,emeir9z@ucoz.com,Female,143.139.58.142
361,Kissie,Gagan,kgagana0@aol.com,Female,128.114.82.195
362,Linus,Corsar,lcorsara1@earthlink.net,Male,121.184.176.71
363,Asher,Shury,ashurya2@reference.com,Male,180.62.193.75
364,Clayborn,Russi,crussia3@oracle.com,Male,92.129.206.39
365,Leeanne,Melin,lmelina4@flavors.me,Female,199.175.248.152
366,Evan,Abdee,eabdeea5@mtv.com,Male,168.206.40.3
367,Carlye,Rugg,crugga6@posterous.com,Female,44.152.90.208
368,Reube,Trever,rtrevera7@narod.ru,Male,44.118.186.125
369,Stearne,Tennick,stennicka8@last.fm,Male,210.183.31.153
370,Ev,Wattam,ewattama9@sciencedaily.com,Male,227.204.64.195
371,Edlin,Moogan,emooganaa@multiply.com,Male,98.255.47.48
372,Avrom,Munby,amunbyab@people.com.cn,Male,196.148.249.179
373,Hephzibah,Baudins,hbaudinsac@myspace.com,Female,167.174.4.116
374,Allys,Sommerlie,asommerliead@nymag.com,Female,238.22.19.101
375,Silvain,Adriani,sadrianiae@studiopress.com,Male,53.233.37.240
376,Janis,Van der Brug,jvanderbrugaf@flavors.me,Female,59.18.79.168
377,Emili,Tolchard,etolchardag@usnews.com,Bigender,137.158.70.220
378,Matthiew,Dunkerton,mdunkertonah@sitemeter.com,Male,197.245.168.236
379,Carole,Bouette,cbouetteai@ed.gov,Female,12.246.220.66
380,Alikee,Law,alawaj@webeden.co.uk,Female,232.200.14.91
381,Cherin,Cuppitt,ccuppittak@psu.edu,Female,116.62.211.77
382,Evvie,Ricards,ericardsal@squidoo.com,Female,164.16.229.59
383,Morgen,Fifield,mfifieldam@pen.io,Female,233.201.199.176
384,Maureen,Petty,mpettyan@eventbrite.com,Female,162.11.165.116
385,Elke,Jaher,ejaherao@hc360.com,Genderqueer,234.195.52.34
386,Karilynn,Stroton,kstrotonap@harvard.edu,Female,232.192.73.229
387,Elden,Melly,emellyaq@hexun.com,Male,18.255.93.87
388,Hogan,Stavers,hstaversar@businessweek.com,Male,225.218.105.153
389,Valentine,Amdohr,vamdohras@plala.or.jp,Female,130.176.95.80
390,Haley,Christopher,hchristopherat@apple.com,Male,65.122.182.255
391,Herschel,Lyte,hlyteau@accuweather.com,Male,204.67.107.129
392,Ivett,Skein,iskeinav@meetup.com,Bigender,165.181.140.171
393,Marrissa,Arpur,marpuraw@seesaa.net,Female,222.80.111.252
394,Jessica,Father,jfatherax@google.com.au,Non-binary,165.41.123.60
395,Dennie,Brandom,dbrandomay@adobe.com,Male,239.183.244.64
396,Tann,Limeburn,tlimeburnaz@princeton.edu,Male,240.220.29.153
397,Halley,Harrowing,hharrowingb0@accuweather.com,Female,72.242.223.53
398,Adena,Andresser,aandresserb1@bizjournals.com,Female,137.163.188.193
399,Germaine,O'Halleghane,gohalleghaneb2@hhs.gov,Female,67.76.81.51
400,Elbertine,Pinyon,epinyonb3@mozilla.org,Female,19.215.11.44
401,Dacia,Diver,ddiverb4@blogger.com,Female,236.174.98.168
402,Dennie,Ledgister,dledgisterb5@ebay.co.uk,Male,66.223.33.30
403,Willem,Seligson,wseligsonb6@scribd.com,Male,28.225.186.192
404,Andreana,Leeson,aleesonb7@state.tx.us,Genderfluid,22.26.111.214
405,Roosevelt,Firsby,rfirsbyb8@toplist.cz,Male,34.30.104.120
406,Kerianne,Brahan,kbrahanb9@thetimes.co.uk,Female,89.249.254.52
407,Walther,Dalton,wdaltonba@ning.com,Agender,153.36.168.43
408,Kelby,Kyte,kkytebb@1und1.de,Bigender,113.230.218.13
409,Roseanne,MacKinnon,rmackinnonbc@quantcast.com,Female,91.170.18.102
410,Patsy,De Giorgis,pdegiorgisbd@independent.co.uk,Male,164.171.136.161
411,Barbee,Varsey,bvarseybe@si.edu,Female,187.242.93.254
412,Adorne,Teodorski,ateodorskibf@fastcompany.com,Female,245.189.232.202
413,Garold,Trayte,gtraytebg@icio.us,Male,176.41.105.121
414,Audi,Lowbridge,alowbridgebh@oaic.gov.au,Female,24.55.38.145
415,Tris,O'Loinn,toloinnbi@lycos.com,Polygender,68.84.150.130
416,Ilene,Widdall,iwiddallbj@360.cn,Female,189.89.249.136
417,Leena,Dalmon,ldalmonbk@youtu.be,Female,153.205.242.199
418,Cortney,Croston,ccrostonbl@google.fr,Female,98.149.176.60
419,Iseabal,Bateson,ibatesonbm@sogou.com,Female,88.50.14.66
420,Wynny,Sturgeon,wsturgeonbn@thetimes.co.uk,Female,139.36.71.9
421,Nell,Jarred,njarredbo@google.pl,Female,185.132.27.177
422,Claudetta,Annesley,cannesleybp@vistaprint.com,Female,55.176.193.165
423,Ase,Roos,aroosbq@canalblog.com,Male,43.224.160.147
424,Erich,Talks,etalksbr@e-recht24.de,Male,42.100.189.196
425,Todd,Tschierse,ttschiersebs@smh.com.au,Male,8.158.255.155
426,Stepha,D'Emanuele,sdemanuelebt@photobucket.com,Female,159.206.251.166
427,Conrado,Ellison,cellisonbu@ox.ac.uk,Male,42.250.113.211
428,Bourke,Tredgold,btredgoldbv@gmpg.org,Male,126.255.113.141
429,Cyrus,Probate,cprobatebw@jigsy.com,Bigender,213.99.147.12
430,Celesta,Filipychev,cfilipychevbx@cpanel.net,Female,83.60.41.97
431,Latashia,Pipes,lpipesby@cafepress.com,Female,246.8.156.180
432,Ellsworth,Greengrass,egreengrassbz@cpanel.net,Male,216.104.71.64
433,Merrie,Mound,mmoundc0@cnbc.com,Female,249.25.121.218
434,Christean,Butters,cbuttersc1@home.pl,Female,205.108.28.229
435,Milissent,Goadby,mgoadbyc2@webs.com,Female,155.85.244.249
436,Bren,Hurring,bhurringc3@bandcamp.com,Male,143.30.250.216
437,Consalve,Lohering,cloheringc4@dailymotion.com,Male,105.234.195.91
438,Tremaine,Bennellick,tbennellickc5@google.com.au,Male,179.24.92.213
439,Vally,Wrankmore,vwrankmorec6@wikispaces.com,Female,0.69.232.220
440,Chilton,Brain,cbrainc7@princeton.edu,Male,165.174.25.17
441,Lorry,Althorpe,lalthorpec8@reference.com,Male,213.145.251.66
442,Paige,Handasyde,phandasydec9@home.pl,Female,163.247.179.38
443,Sigismondo,Coolican,scoolicanca@bloglines.com,Male,229.210.243.129
444,Augustin,Gilbart,agilbartcb@rediff.com,Male,220.10.54.215
445,Edin,Braunter,ebrauntercc@cam.ac.uk,Female,80.240.56.195
446,Shanna,MacTerlagh,smacterlaghcd@nasa.gov,Female,250.155.94.161
447,Noah,Strickler,nstricklerce@washington.edu,Male,0.230.89.206
448,Paula,Doogan,pdoogancf@g.co,Female,44.97.104.25
449,Lindy,MacKnockiter,lmacknockitercg@wiley.com,Female,40.120.199.228
450,Tracie,Stoodley,tstoodleych@google.com,Female,231.1.2.41
451,Ulysses,Clay,uclayci@technorati.com,Male,136.39.58.43
452,Ulrick,Crosio,ucrosiocj@thetimes.co.uk,Male,214.167.122.27
453,Otho,McCarrick,omccarrickck@furl.net,Male,67.59.12.155
454,Dory,Santore,dsantorecl@uiuc.edu,Male,44.175.54.154
455,Verne,Zanetello,vzanetellocm@networksolutions.com,Bigender,86.120.196.196
456,Kerwin,Yerrell,kyerrellcn@huffingtonpost.com,Male,98.227.155.123
457,Leland,Torricella,ltorricellaco@ezinearticles.com,Female,210.247.129.201
458,Romonda,Ventham,rventhamcp@ihg.com,Bigender,173.40.109.48
459,Cammie,Tutill,ctutillcq@paypal.com,Female,153.169.228.22
460,Gilberta,Geeson,ggeesoncr@a8.net,Female,242.175.250.3
461,Donia,Goodwin,dgoodwincs@wordpress.org,Female,18.211.174.158
462,Ernesta,Gecks,egecksct@reverbnation.com,Female,71.84.193.246
463,Gabriellia,Mullan,gmullancu@ted.com,Female,232.109.199.133
464,Gar,Singers,gsingerscv@typepad.com,Male,97.27.112.138
465,Weston,Piatkowski,wpiatkowskicw@oaic.gov.au,Male,89.134.95.133
466,Hy,Thornhill,hthornhillcx@jigsy.com,Genderfluid,197.105.226.232
467,Neal,Wickman,nwickmancy@printfriendly.com,Male,85.144.96.172
468,Jdavie,Cawthorne,jcawthornecz@smugmug.com,Male,137.127.157.244
469,Marguerite,Meigh,mmeighd0@pinterest.com,Female,64.30.49.244
470,Niko,Buntain,nbuntaind1@earthlink.net,Male,8.34.209.243
471,Francis,Jerok,fjerokd2@bbc.co.uk,Male,237.61.149.74
472,Kath,Pemberton,kpembertond3@techcrunch.com,Female,175.8.70.70
473,Trixi,Jouanot,tjouanotd4@gizmodo.com,Female,150.242.52.239
474,Reeva,Shaxby,rshaxbyd5@google.nl,Female,161.51.108.169
475,Mariele,Le Merchant,mlemerchantd6@discuz.net,Female,39.65.96.50
476,Anneliese,Kimmitt,akimmittd7@reddit.com,Female,81.153.242.95
477,Dev,Bilby,dbilbyd8@feedburner.com,Male,168.80.182.27
478,Murdoch,Estable,mestabled9@delicious.com,Male,254.219.61.203
479,Ker,Coldrick,kcoldrickda@studiopress.com,Male,54.195.76.112
480,Stormie,Bowley,sbowleydb@seesaa.net,Female,93.77.255.55
481,Alvis,Peer,apeerdc@newsvine.com,Bigender,122.22.219.97
482,Hube,Cordero,hcorderodd@patch.com,Male,10.33.21.202
483,Selestina,Lyman,slymande@linkedin.com,Female,5.114.19.137
484,Cory,Craze,ccrazedf@reference.com,Male,95.171.66.15
485,Jermayne,Rowet,jrowetdg@smugmug.com,Male,114.90.123.79
486,Homere,Dilrew,hdilrewdh@chron.com,Male,82.57.150.24
487,Patten,Tirrey,ptirreydi@icq.com,Male,243.150.109.192
488,Carlyn,Goggen,cgoggendj@homestead.com,Female,81.127.238.222
489,Lona,Rablen,lrablendk@icio.us,Female,2.246.248.176
490,Garrott,Devonish,gdevonishdl@gnu.org,Male,150.151.177.230
491,Wendy,Copyn,wcopyndm@biglobe.ne.jp,Female,2.85.181.130
492,Corrinne,Kemson,ckemsondn@google.es,Genderfluid,249.99.174.15
493,Mira,Pembry,mpembrydo@tiny.cc,Female,7.68.101.129
494,Ewart,Gatheridge,egatheridgedp@cpanel.net,Male,168.7.136.67
495,Clemens,Fitzsimmons,cfitzsimmonsdq@woothemes.com,Male,59.245.144.115
496,Pavlov,Fane,pfanedr@macromedia.com,Male,64.214.86.40
497,Iago,Meenan,imeenands@mediafire.com,Male,129.2.172.57
498,Deborah,Wickes,dwickesdt@w3.org,Female,78.227.162.114
499,Faydra,Dingivan,fdingivandu@washingtonpost.com,Female,47.217.130.137
500,Billie,Parley,bparleydv@hexun.com,Female,69.229.95.93
501,Lesley,Aspole,laspoledw@newyorker.com,Female,104.48.237.247
502,Jesse,O'Sculley,josculleydx@yolasite.com,Female,159.114.184.193
503,Amery,Deme,ademedy@deliciousdays.com,Male,20.251.154.159
504,Chas,Audas,caudasdz@nationalgeographic.com,Male,207.192.132.48
505,Luke,Quye,lquyee0@photobucket.com,Male,146.219.251.11
506,Maximilian,MacAllester,mmacallestere1@ihg.com,Agender,29.75.100.124
507,Sal,Glasner,sglasnere2@washington.edu,Female,123.151.222.216
508,Alexio,Brookes,abrookese3@theglobeandmail.com,Male,87.245.85.87
509,Claretta,Rugiero,crugieroe4@cam.ac.uk,Female,86.144.197.240
510,Arlan,Monelli,amonellie5@earthlink.net,Male,128.238.146.77
511,Caryn,Pietersen,cpietersene6@flavors.me,Female,204.90.221.200
512,Lucky,Norton,lnortone7@mayoclinic.com,Female,199.125.134.111
513,Sanford,McGaugie,smcgaugiee8@va.gov,Male,47.57.139.78
514,Ferne,Rentenbeck,frentenbecke9@google.pl,Female,100.83.8.238
515,Arlina,McGiffie,amcgiffieea@toplist.cz,Female,168.194.113.3
516,Kathryn,Callinan,kcallinaneb@nature.com,Female,245.49.178.200
517,Dot,Spick,dspickec@wunderground.com,Female,86.158.215.204
518,Malva,Labram,mlabramed@admin.ch,Female,215.194.145.73
519,Marwin,MacAskie,mmacaskieee@ucla.edu,Male,71.245.239.59
520,Maiga,Sturridge,msturridgeef@github.io,Female,167.96.220.5
521,Curtice,Alekhov,calekhoveg@baidu.com,Male,172.86.118.25
522,Andris,Ranklin,aranklineh@hao123.com,Male,113.246.201.186
523,Kalindi,Boustead,kbousteadei@fotki.com,Female,114.124.152.113
524,Jessie,Downs,jdownsej@ocn.ne.jp,Female,58.207.168.162
525,Maribeth,Gilhouley,mgilhouleyek@over-blog.com,Agender,40.94.41.158
526,Nancey,Starking,nstarkingel@tripadvisor.com,Female,150.228.7.69
527,Rodolphe,Grahl,rgrahlem@exblog.jp,Male,171.184.88.56
528,Sheelah,Kermeen,skermeenen@irs.gov,Female,178.146.10.111
529,Arte,Kloster,aklostereo@linkedin.com,Male,57.117.206.138
530,Ravid,Witchell,rwitchellep@loc.gov,Male,253.196.7.242
531,Lorettalorna,Woolsey,lwoolseyeq@360.cn,Female,172.38.254.171
532,Dallis,Duprey,ddupreyer@tiny.cc,Male,134.102.204.233
533,Marj,Geeves,mgeeveses@slashdot.org,Female,175.208.162.253
534,Odelinda,Docwra,odocwraet@gnu.org,Female,48.232.39.148
535,Doy,Theze,dthezeeu@sitemeter.com,Male,115.96.187.245
536,Glynis,Desquesnes,gdesquesnesev@nbcnews.com,Female,160.74.208.69
537,Jo-ann,Krysiak,jkrysiakew@homestead.com,Female,31.4.42.8
538,Colleen,Moggie,cmoggieex@joomla.org,Non-binary,14.181.203.153
539,Rufus,Imesen,rimeseney@youku.com,Male,67.162.163.217
540,Hernando,Beneteau,hbeneteauez@github.com,Male,20.92.200.242
541,Devy,Strettle,dstrettlef0@baidu.com,Male,54.51.176.12
542,Erica,Wenzel,ewenzelf1@mapquest.com,Female,215.4.191.203
543,Brit,Eudall,beudallf2@psu.edu,Polygender,242.72.60.244
544,Bettina,Souttar,bsouttarf3@mayoclinic.com,Female,174.115.162.42
545,Noak,Haddow,nhaddowf4@people.com.cn,Male,179.213.98.30
546,Udale,Guillot,uguillotf5@hc360.com,Male,39.214.146.205
547,Orelle,Swateridge,oswateridgef6@netvibes.com,Female,9.199.221.32
548,Kincaid,Shephard,kshephardf7@theatlantic.com,Male,51.218.83.3
549,Paton,Shaxby,pshaxbyf8@archive.org,Male,235.32.172.228
550,Atlante,Limon,alimonf9@house.gov,Female,144.168.191.123
551,Annamarie,Knipe,aknipefa@nps.gov,Female,85.86.166.244
552,Neal,Twitching,ntwitchingfb@samsung.com,Male,165.182.127.116
553,Fremont,Creddon,fcreddonfc@gnu.org,Male,143.127.153.122
554,Andy,Nisius,anisiusfd@newyorker.com,Male,151.168.78.196
555,Kellyann,Thirlwall,kthirlwallfe@usa.gov,Female,83.241.33.63
556,Ignacio,Aviss,iavissff@gravatar.com,Male,174.22.195.207
557,Pris,Whittock,pwhittockfg@lycos.com,Female,247.159.222.185
558,Korry,Shiel,kshielfh@google.ru,Genderqueer,201.227.63.35
559,Caressa,Jarritt,cjarrittfi@facebook.com,Female,134.25.145.1
560,Angela,Bettaney,abettaneyfj@drupal.org,Female,19.253.33.120
561,Chrisse,Fairholme,cfairholmefk@theglobeandmail.com,Male,123.232.105.10
562,Martina,Lumsdall,mlumsdallfl@list-manage.com,Female,70.172.65.240
563,Rex,Linch,rlinchfm@altervista.org,Male,141.58.199.218
564,Bartel,Sutherby,bsutherbyfn@free.fr,Male,20.147.109.115
565,Agathe,Lehr,alehrfo@miibeian.gov.cn,Female,96.94.9.219
566,Muffin,Rogger,mroggerfp@cbslocal.com,Male,196.243.243.253
567,Rawley,Pullar,rpullarfq@umich.edu,Male,62.233.113.26
568,Winona,Strelitzer,wstrelitzerfr@ow.ly,Female,190.186.54.119
569,Ilene,Troup,itroupfs@ihg.com,Female,220.24.183.16
570,Spencer,Bennellick,sbennellickft@taobao.com,Male,129.224.177.92
571,Julieta,Lukock,jlukockfu@xinhuanet.com,Female,51.43.252.233
572,Raddie,Jeduch,rjeduchfv@51.la,Male,165.190.222.222
573,Dasha,Ebden,debdenfw@stumbleupon.com,Female,94.113.228.74
574,Fredrick,Leeuwerink,fleeuwerinkfx@hostgator.com,Male,248.0.183.223
575,Westleigh,Lambotin,wlambotinfy@clickbank.net,Male,139.208.187.88
576,Wendi,Chasles,wchaslesfz@moonfruit.com,Female,15.138.242.66
577,Nico,Barnish,nbarnishg0@google.de,Male,1.165.169.79
578,Betsey,Charlet,bcharletg1@so-net.ne.jp,Female,183.238.1.203
579,Mort,Stammirs,mstammirsg2@bloomberg.com,Male,121.25.24.82
580,Matteo,Stubbins,mstubbinsg3@ihg.com,Male,149.141.134.235
581,Wilmar,Boanas,wboanasg4@blogger.com,Non-binary,52.228.62.152
582,Tracey,Richen,tricheng5@redcross.org,Female,78.229.220.169
583,Innis,O'Currigan,iocurrigang6@twitter.com,Male,114.186.38.129
584,Sigismond,Vockings,svockingsg7@cbc.ca,Male,233.216.124.152
585,Peyter,Geard,pgeardg8@state.gov,Male,48.56.105.46
586,Brander,Cornilleau,bcornilleaug9@multiply.com,Male,165.0.219.145
587,Iris,Vinnick,ivinnickga@google.de,Female,3.49.111.80
588,Neille,Collymore,ncollymoregb@apache.org,Female,189.26.5.4
589,Staci,O'Growgane,sogrowganegc@census.gov,Female,105.170.154.157
590,Tab,Flintuff,tflintuffgd@edublogs.org,Male,119.133.64.173
591,Nanete,Slark,nslarkge@wikispaces.com,Female,21.123.95.47
592,Alys,MacGinlay,amacginlaygf@apple.com,Female,196.121.191.90
593,Constanta,Leman,clemangg@friendfeed.com,Female,37.146.18.168
594,Elmira,Baulk,ebaulkgh@cargocollective.com,Female,210.75.68.203
595,Hansiain,Oehm,hoehmgi@mit.edu,Male,17.159.83.70
596,Wendel,Hudspeth,whudspethgj@deliciousdays.com,Male,216.124.152.198
597,Lilllie,Conibere,lconiberegk@quantcast.com,Female,216.150.66.59
598,Tommi,Crehan,tcrehangl@wisc.edu,Female,149.8.50.229
599,Sigfried,Timmermann,stimmermanngm@altervista.org,Male,13.120.58.3
600,Dannie,Le Barr,dlebarrgn@dagondesign.com,Male,98.99.26.161
601,Kyle,Stening,ksteninggo@fastcompany.com,Female,246.205.219.232
602,Glen,Proud,gproudgp@seesaa.net,Female,2.143.215.27
603,Thadeus,Gammel,tgammelgq@livejournal.com,Male,161.12.84.242
604,Massimiliano,Whitton,mwhittongr@sfgate.com,Male,253.161.230.21
605,Lev,Pletts,lplettsgs@mlb.com,Male,130.87.156.140
606,Etienne,Lawee,elaweegt@fda.gov,Male,115.154.54.113
607,Ruth,Rodda,rroddagu@icq.com,Female,179.204.60.66
608,Dwain,Pavlenko,dpavlenkogv@topsy.com,Male,245.14.9.214
609,Jerrome,Kedge,jkedgegw@yellowbook.com,Male,110.85.118.203
610,Darrell,Zolini,dzolinigx@elpais.com,Male,171.249.131.59
611,Weider,Dionisii,wdionisiigy@blogtalkradio.com,Male,133.31.76.85
612,Paquito,Nare,pnaregz@census.gov,Male,191.198.95.228
613,Clarey,Arrault,carraulth0@rakuten.co.jp,Female,218.206.84.203
614,Rustin,Roizn,rroiznh1@meetup.com,Male,243.229.165.19
615,Ferguson,Putson,fputsonh2@exblog.jp,Male,219.42.63.208
616,Elita,aManger,eamangerh3@sina.com.cn,Female,200.99.217.70
617,Eddie,Casseldine,ecasseldineh4@reverbnation.com,Agender,46.15.103.191
618,Leilah,Ecclestone,lecclestoneh5@com.com,Female,67.236.2.129
619,Reggie,Bonett,rbonetth6@geocities.com,Genderfluid,221.226.67.135
620,Mitchael,Gauson,mgausonh7@163.com,Male,92.213.182.92
621,Galen,Plaster,gplasterh8@blinklist.com,Male,218.71.148.138
622,Gus,Gatiss,ggatissh9@cocolog-nifty.com,Male,144.10.161.10
623,Lucais,Brockett,lbrockettha@harvard.edu,Polygender,3.184.34.90
624,Rafaelita,Privost,rprivosthb@bbc.co.uk,Female,117.245.101.92
625,Valma,Goldsack,vgoldsackhc@blogs.com,Female,2.224.119.234
626,Celestine,Egiloff,cegiloffhd@parallels.com,Female,100.4.42.138
627,Darice,Eyden,deydenhe@hugedomains.com,Polygender,253.248.161.173
628,Valentin,Bilson,vbilsonhf@quantcast.com,Male,69.113.32.92
629,Kelbee,Capelen,kcapelenhg@nature.com,Male,229.20.207.74
630,Jessamyn,Echelle,jechellehh@narod.ru,Female,135.203.126.102
631,Jacki,Manifield,jmanifieldhi@illinois.edu,Female,155.134.248.174
632,Latia,Bunford,lbunfordhj@nymag.com,Female,210.131.239.193
633,Dareen,Weale,dwealehk@pen.io,Genderqueer,49.30.10.62
634,Jeth,Hirth,jhirthhl@prlog.org,Male,197.3.96.130
635,Siouxie,Angear,sangearhm@slate.com,Female,93.117.205.211
636,Hendrik,Kyberd,hkyberdhn@unesco.org,Male,5.99.58.200
637,Marlo,Escoffrey,mescoffreyho@accuweather.com,Female,79.176.217.194
638,Tomasine,Waitland,twaitlandhp@pbs.org,Female,84.130.116.133
639,Laura,Meritt,lmeritthq@mapy.cz,Female,151.208.142.120
640,Dynah,Dundendale,ddundendalehr@ezinearticles.com,Female,52.121.27.173
641,Anastasie,Foulkes,afoulkeshs@icio.us,Female,89.155.43.4
642,Brandie,Skeel,bskeelht@loc.gov,Female,35.140.3.179
643,Milty,Oller,mollerhu@ebay.co.uk,Male,108.76.39.155
644,Lyle,Greaterex,lgreaterexhv@europa.eu,Male,168.170.243.61
645,Ebeneser,Phayre,ephayrehw@wiley.com,Male,67.212.97.103
646,Shaughn,Borley,sborleyhx@google.com.hk,Male,100.124.139.37
647,Cam,Bauduccio,cbauducciohy@canalblog.com,Male,172.182.127.13
648,Red,Gass,rgasshz@plala.or.jp,Male,68.218.205.3
649,Ethelind,Murr,emurri0@washington.edu,Female,101.228.86.118
650,Carri,Tinmouth,ctinmouthi1@upenn.edu,Female,25.27.129.51
651,Jacquenette,Sirr,jsirri2@cloudflare.com,Polygender,112.90.23.46
652,Mattie,Antoniou,mantonioui3@psu.edu,Male,162.151.178.32
653,Datha,Simenel,dsimeneli4@altervista.org,Female,109.173.65.6
654,Kirsteni,McGriele,kmcgrielei5@time.com,Female,221.56.66.163
655,Dorie,Gookey,dgookeyi6@economist.com,Male,101.172.68.104
656,Dorise,Carrel,dcarreli7@twitpic.com,Female,25.231.87.123
657,Dayle,Raund,draundi8@mayoclinic.com,Female,208.135.144.247
658,Carce,Ridgewell,cridgewelli9@yandex.ru,Male,5.211.227.232
659,Danni,Castaneda,dcastanedaia@360.cn,Female,133.242.213.198
660,Rudolph,Peskett,rpeskettib@freewebs.com,Male,16.43.142.13
661,Ray,Pavett,rpavettic@scientificamerican.com,Male,66.35.253.254
662,Sherm,Berrane,sberraneid@google.de,Male,230.208.20.165
663,Catherina,Pioli,cpioliie@alexa.com,Female,143.130.206.101
664,Chad,Robelin,crobelinif@nationalgeographic.com,Male,166.61.230.19
665,Glynis,Boutton,gbouttonig@ibm.com,Female,148.69.128.43
666,Karry,Lancley,klancleyih@webs.com,Female,144.176.122.123
667,Amandy,Dyhouse,adyhouseii@chronoengine.com,Female,121.217.245.154
668,Bearnard,Eliez,beliezij@rakuten.co.jp,Male,105.71.123.153
669,Gaven,Bassam,gbassamik@bloglines.com,Male,85.42.176.166
670,Anastassia,Witz,awitzil@go.com,Female,238.34.102.129
671,Christoforo,D'Errico,cderricoim@wunderground.com,Male,186.48.103.53
672,Olav,MacCambridge,omaccambridgein@mapy.cz,Male,2.101.227.234
673,Konstantin,Keslake,kkeslakeio@comsenz.com,Male,58.0.87.172
674,Dredi,Tether,dtetherip@eepurl.com,Female,131.195.243.249
675,Lindy,Sainsberry,lsainsberryiq@webnode.com,Female,61.127.139.149
676,Gisele,Stollman,gstollmanir@disqus.com,Female,252.75.183.249
677,Ysabel,Lodevick,ylodevickis@un.org,Non-binary,50.35.182.68
678,Thebault,Clemson,tclemsonit@hibu.com,Polygender,43.15.68.92
679,Dan,Choke,dchokeiu@washington.edu,Male,185.233.37.255
680,Rosina,Riddiford,rriddifordiv@delicious.com,Female,111.148.137.132
681,Worden,Cutill,wcutilliw@geocities.com,Male,137.31.101.39
682,Lucian,Fagge,lfaggeix@wikimedia.org,Male,157.39.217.248
683,Skipp,Stansbie,sstansbieiy@ted.com,Male,132.224.94.2
684,Adella,Cunah,acunahiz@ihg.com,Female,43.0.29.95
685,Chancey,Thew,cthewj0@unesco.org,Genderqueer,202.10.237.25
686,Madison,Irvin,mirvinj1@engadget.com,Male,79.225.99.123
687,Case,Revelle,crevellej2@blogger.com,Male,6.186.77.153
688,Boy,Lindsay,blindsayj3@baidu.com,Male,183.154.200.222
689,Barbette,O'Glessane,boglessanej4@slideshare.net,Female,190.61.73.83
690,Fanny,Vequaud,fvequaudj5@4shared.com,Female,194.56.152.107
691,Miller,Heaslip,mheaslipj6@usda.gov,Male,254.31.230.188
692,Benyamin,Flukes,bflukesj7@apple.com,Male,165.166.249.104
693,Violette,Gligoraci,vgligoracij8@woothemes.com,Female,52.183.2.15
694,Ardeen,Simoncini,asimoncinij9@google.co.uk,Female,16.218.167.66
695,Chiarra,Espadate,cespadateja@hud.gov,Female,149.111.255.38
696,Nobe,Tedorenko,ntedorenkojb@dell.com,Male,123.196.158.229
697,Florrie,Guiu,fguiujc@diigo.com,Female,244.162.69.221
698,Dawn,Jakuszewski,djakuszewskijd@baidu.com,Female,108.140.174.238
699,Berthe,Dowson,bdowsonje@unicef.org,Female,206.71.129.121
700,Jeannie,Bruckman,jbruckmanjf@blogtalkradio.com,Female,225.172.181.132
701,Karl,Vannuccinii,kvannucciniijg@constantcontact.com,Male,9.156.62.26
702,Renado,Duester,rduesterjh@globo.com,Male,50.193.88.157
703,Roscoe,Cunde,rcundeji@com.com,Male,134.45.35.176
704,Candy,Cowpertwait,ccowpertwaitjj@vinaora.com,Female,71.27.205.244
705,Elyn,Meriot,emeriotjk@xing.com,Female,62.2.12.25
706,Robyn,Dudmesh,rdudmeshjl@oaic.gov.au,Female,131.148.205.185
707,Claretta,Schollick,cschollickjm@ehow.com,Female,93.234.133.57
708,Farlie,Bagnell,fbagnelljn@furl.net,Male,132.20.160.105
709,Camala,Boldison,cboldisonjo@google.co.jp,Female,5.194.65.33
710,Anastassia,Strettell,astrettelljp@bbc.co.uk,Female,173.183.181.1
711,Uriel,Brodest,ubrodestjq@cnn.com,Male,47.8.138.182
712,Devonna,Pedican,dpedicanjr@a8.net,Female,141.76.108.124
713,Karlis,Grigoriscu,kgrigoriscujs@cocolog-nifty.com,Male,195.37.227.92
714,Anabella,Mergue,amerguejt@issuu.com,Female,191.213.84.38
715,Danny,Collihole,dcolliholeju@nifty.com,Male,155.78.142.27
716,Franklyn,Cartlidge,fcartlidgejv@merriam-webster.com,Male,170.3.177.205
717,Maxwell,Seneschal,mseneschaljw@woothemes.com,Male,110.86.238.198
718,Rochette,Hornig,rhornigjx@netlog.com,Bigender,4.57.198.111
719,Sheila,Gauford,sgaufordjy@spiegel.de,Female,248.57.157.109
720,Brittne,Garnson,bgarnsonjz@sbwire.com,Female,85.92.164.11
721,Rosanne,Lamonby,rlamonbyk0@wired.com,Female,66.34.218.13
722,Raddie,Midson,rmidsonk1@hugedomains.com,Male,178.219.196.249
723,Griffin,Alkins,galkinsk2@imgur.com,Male,172.231.98.13
724,Chandler,Pregel,cpregelk3@yolasite.com,Male,152.107.76.237
725,Gil,Conville,gconvillek4@alexa.com,Male,76.158.85.70
726,Kinny,Hemstead,khemsteadk5@oaic.gov.au,Male,164.35.135.58
727,Bale,Winter,bwinterk6@is.gd,Male,135.105.247.30
728,Barb,Woodnutt,bwoodnuttk7@storify.com,Female,210.56.106.18
729,Evelyn,Barthelemy,ebarthelemyk8@cam.ac.uk,Male,184.72.112.195
730,Nora,Wollen,nwollenk9@1688.com,Female,29.235.185.43
731,Jonell,Painten,jpaintenka@hc360.com,Female,18.133.173.168
732,Essy,Pavek,epavekkb@ed.gov,Female,154.173.210.7
733,Edlin,Jackett,ejackettkc@rakuten.co.jp,Male,220.16.234.55
734,Dottie,Humfrey,dhumfreykd@weibo.com,Female,84.61.254.164
735,Hermina,Dionsetti,hdionsettike@mit.edu,Female,140.105.32.222
736,Hayes,Caccavari,hcaccavarikf@si.edu,Genderfluid,68.135.101.228
737,Inez,Yurukhin,iyurukhinkg@wired.com,Female,222.188.245.142
738,Ralf,Windebank,rwindebankkh@linkedin.com,Male,224.84.94.19
739,Neron,Olenin,noleninki@icio.us,Agender,224.38.127.100
740,Rog,Lemmanbie,rlemmanbiekj@vinaora.com,Male,202.33.179.162
741,Marget,Jotcham,mjotchamkk@cargocollective.com,Female,22.78.211.9
742,Ronica,Hellyar,rhellyarkl@ask.com,Female,25.90.127.177
743,Gerrard,Spurret,gspurretkm@whitehouse.gov,Male,145.200.180.178
744,Tressa,Fick,tfickkn@sitemeter.com,Female,133.213.69.163
745,Rod,Da Costa,rdacostako@fc2.com,Male,183.22.10.105
746,Lucius,Probbings,lprobbingskp@bravesites.com,Male,48.223.238.152
747,Birgitta,Van der Son,bvandersonkq@sphinn.com,Genderqueer,55.110.15.157
748,Josh,Billham,jbillhamkr@myspace.com,Male,85.28.128.62
749,Giusto,Sawers,gsawersks@squarespace.com,Male,220.125.187.71
750,Tuck,McLae,tmclaekt@shutterfly.com,Male,178.197.159.183
751,Alan,McReynolds,amcreynoldsku@sphinn.com,Male,17.145.238.149
752,Dov,Driscoll,ddriscollkv@jiathis.com,Male,172.97.84.60
753,Clevey,Beneze,cbenezekw@ed.gov,Male,63.2.122.165
754,Zandra,De Andisie,zdeandisiekx@ycombinator.com,Female,112.202.226.89
755,Cornall,Bilston,cbilstonky@washingtonpost.com,Male,36.34.214.178
756,Fancie,Mauvin,fmauvinkz@msu.edu,Female,157.234.81.28
757,Gabriello,Zmitrichenko,gzmitrichenkol0@dropbox.com,Male,88.1.108.42
758,Boyce,Buglar,bbuglarl1@homestead.com,Male,165.149.204.189
759,Oliviero,Hegley,ohegleyl2@yellowpages.com,Male,185.34.208.104
760,Rasla,Larkings,rlarkingsl3@people.com.cn,Female,131.98.215.190
761,Marti,Welden,mweldenl4@xinhuanet.com,Female,174.160.67.248
762,Meade,Hannaby,mhannabyl5@sakura.ne.jp,Female,191.7.28.68
763,George,Oliva,golival6@g.co,Female,12.195.149.139
764,Ramon,Cicchinelli,rcicchinellil7@techcrunch.com,Male,106.116.44.159
765,Guy,Tilne,gtilnel8@sohu.com,Male,101.194.151.226
766,Dag,Feldbau,dfeldbaul9@marriott.com,Male,254.127.194.7
767,Almire,Fendlow,afendlowla@booking.com,Female,193.138.113.17
768,Gertie,Drezzer,gdrezzerlb@icio.us,Female,157.159.183.24
769,Ricoriki,Minchinton,rminchintonlc@toplist.cz,Male,151.8.78.97
770,Lorenzo,Blucher,lblucherld@jalbum.net,Male,210.0.240.36
771,Cynthie,Pattinson,cpattinsonle@cargocollective.com,Female,189.3.129.227
772,Ivette,Minster,iminsterlf@admin.ch,Non-binary,31.248.49.190
773,Weider,Tyler,wtylerlg@umich.edu,Male,13.249.198.146
774,Taffy,Straker,tstrakerlh@eepurl.com,Female,3.195.224.162
775,Helaine,Nornable,hnornableli@geocities.com,Female,80.220.90.199
776,Stephan,Eddie,seddielj@behance.net,Male,25.169.57.176
777,Sancho,Shore,sshorelk@hud.gov,Male,90.220.175.11
778,Tristam,Bednell,tbednellll@barnesandnoble.com,Male,1.234.29.114
779,Sterne,McGrayle,smcgraylelm@discuz.net,Male,90.143.184.239
780,Billy,Jakoub,bjakoubln@independent.co.uk,Male,248.210.180.1
781,Rand,Domoney,rdomoneylo@tmall.com,Genderqueer,115.123.36.213
782,Euell,Bleckly,eblecklylp@artisteer.com,Male,43.64.99.137
783,Gail,Ellwood,gellwoodlq@nba.com,Male,204.93.6.241
784,Rickey,Tabrett,rtabrettlr@geocities.jp,Agender,171.139.138.114
785,Clayson,Clemence,cclemencels@example.com,Male,199.253.143.235
786,Nikolas,Stitson,nstitsonlt@sciencedirect.com,Male,197.228.245.138
787,Katlin,Hudless,khudlesslu@alexa.com,Female,47.255.6.181
788,Nobe,Dewitt,ndewittlv@woothemes.com,Male,159.172.131.80
789,Kally,Eldershaw,keldershawlw@so-net.ne.jp,Female,151.65.133.234
790,Jeffry,Trevaskus,jtrevaskuslx@live.com,Male,215.114.123.17
791,Fee,Colleymore,fcolleymorely@nifty.com,Male,152.171.132.149
792,Tadio,Baise,tbaiselz@sphinn.com,Male,237.129.65.175
793,Ring,Burgon,rburgonm0@biglobe.ne.jp,Male,148.103.248.116
794,Orson,Ineson,oinesonm1@lulu.com,Male,26.0.225.214
795,Emelina,Daingerfield,edaingerfieldm2@sina.com.cn,Female,106.157.252.192
796,Dorthea,Lidster,dlidsterm3@bloglines.com,Non-binary,218.237.153.37
797,Jerrold,Monelli,jmonellim4@sogou.com,Male,189.26.117.168
798,Leo,Damarell,ldamarellm5@feedburner.com,Male,103.249.190.28
799,Tamiko,Mould,tmouldm6@jalbum.net,Female,109.70.185.77
800,Garwood,Wreford,gwrefordm7@eepurl.com,Male,223.85.72.148
801,Lurlene,McLeary,lmclearym8@cbc.ca,Female,126.124.17.157
802,Trevar,Luscombe,tluscombem9@prlog.org,Male,8.131.30.212
803,Nichol,MacKeogh,nmackeoghma@hp.com,Female,185.211.177.66
804,Bamby,Kopje,bkopjemb@guardian.co.uk,Female,54.109.250.64
805,Veradis,Jurges,vjurgesmc@reference.com,Female,246.28.120.14
806,Sig,Chezelle,schezellemd@google.co.jp,Male,220.212.116.159
807,Teddy,Favey,tfaveyme@bloomberg.com,Female,101.143.98.29
808,Avrit,Lombard,alombardmf@cbslocal.com,Female,45.207.62.210
809,Emlen,Dungate,edungatemg@cam.ac.uk,Male,209.240.42.90
810,Malvin,Loughead,mlougheadmh@devhub.com,Male,214.54.22.128
811,Kingsley,Adicot,kadicotmi@issuu.com,Male,233.171.15.72
812,Larine,Mattheissen,lmattheissenmj@devhub.com,Female,23.126.51.16
813,Hamilton,Mangenot,hmangenotmk@arizona.edu,Genderfluid,16.203.55.41
814,Odessa,Josephov,ojosephovml@github.com,Female,132.158.219.127
815,Loralee,Hunter,lhuntermm@w3.org,Female,142.147.103.49
816,Kane,Monckton,kmoncktonmn@hp.com,Genderqueer,231.239.37.230
817,August,Breyt,abreytmo@ebay.co.uk,Male,187.189.24.231
818,Lotti,Shmyr,lshmyrmp@archive.org,Female,124.210.184.238
819,Brunhilde,Hainge,bhaingemq@eventbrite.com,Female,16.65.153.71
820,Alwyn,Goss,agossmr@bloglines.com,Male,103.186.85.215
821,Linda,Mitten,lmittenms@nasa.gov,Female,152.14.143.218
822,Maddie,Matveiko,mmatveikomt@disqus.com,Male,164.123.14.243
823,Boothe,Fruish,bfruishmu@ibm.com,Genderfluid,199.238.181.198
824,Roxanna,Nazareth,rnazarethmv@ebay.com,Female,234.67.105.40
825,Kevina,Dougharty,kdoughartymw@eepurl.com,Female,193.53.43.59
826,Sean,Swadlen,sswadlenmx@netscape.com,Male,13.186.83.193
827,Maegan,Zoanetti,mzoanettimy@elpais.com,Female,178.100.111.196
828,Daveen,Fibben,dfibbenmz@jiathis.com,Female,236.142.203.80
829,Midge,Farguhar,mfarguharn0@aboutads.info,Female,111.25.143.206
830,Terri,Tomadoni,ttomadonin1@salon.com,Male,123.28.107.71
831,Renelle,Vannet,rvannetn2@technorati.com,Female,123.227.156.149
832,Joey,Romayn,jromaynn3@netscape.com,Female,29.166.157.38
833,Koren,Gonet,kgonetn4@weebly.com,Female,124.235.242.185
834,Cinnamon,Mansour,cmansourn5@epa.gov,Bigender,132.238.78.111
835,Delaney,McCusker,dmccuskern6@japanpost.jp,Male,20.37.207.26
836,Keven,Warr,kwarrn7@mapy.cz,Male,97.145.57.197
837,Harli,Gregoratti,hgregorattin8@webeden.co.uk,Genderfluid,203.44.172.10
838,Liam,Otterwell,lotterwelln9@prweb.com,Male,207.11.221.231
839,Ynes,FitzGilbert,yfitzgilbertna@last.fm,Female,151.44.28.248
840,Francois,Hemms,fhemmsnb@ft.com,Male,149.11.230.164
841,Grover,Ives,givesnc@behance.net,Male,122.184.22.13
842,Alvera,Clutram,aclutramnd@ox.ac.uk,Female,219.70.230.113
843,Son,Fanner,sfannerne@fc2.com,Male,202.25.221.48
844,Mickie,Bassilashvili,mbassilashvilinf@bloglines.com,Genderqueer,81.115.63.205
845,Woody,List,wlistng@smh.com.au,Male,192.21.35.1
846,Etienne,Saltern,esalternnh@economist.com,Male,53.169.91.43
847,Billie,Moss,bmossni@google.it,Male,87.208.235.58
848,Barny,Dilkes,bdilkesnj@nydailynews.com,Male,143.71.159.164
849,Christoper,Molesworth,cmolesworthnk@yellowbook.com,Male,231.5.153.10
850,Burty,Greeding,bgreedingnl@hhs.gov,Male,111.227.162.76
851,Jude,Wildbore,jwildborenm@rakuten.co.jp,Male,230.45.60.107
852,Venus,Irnis,virnisnn@un.org,Female,166.142.142.100
853,Almire,Barbera,abarberano@smugmug.com,Female,99.245.12.187
854,Jade,Byart,jbyartnp@illinois.edu,Female,130.150.251.153
855,Merrie,Norledge,mnorledgenq@sciencedirect.com,Female,51.175.212.86
856,Codi,Glynn,cglynnnr@smugmug.com,Male,87.229.197.98
857,Blisse,Ciccottini,bciccottinins@earthlink.net,Female,137.43.146.239
858,Any,Plues,apluesnt@phpbb.com,Male,144.54.236.117
859,Tatiania,Abarough,tabaroughnu@fastcompany.com,Female,199.78.54.9
860,Babbie,Graysmark,bgraysmarknv@reddit.com,Female,247.20.54.144
861,Symon,Jaumet,sjaumetnw@unicef.org,Male,255.109.17.145
862,Dolf,Steart,dsteartnx@pinterest.com,Male,76.85.93.92
863,Emory,Madigan,emadiganny@wix.com,Male,120.10.33.102
864,Iver,Wilber,iwilbernz@parallels.com,Male,255.77.193.25
865,Gran,Grime,ggrimeo0@eventbrite.com,Male,188.75.63.193
866,Fran,Emblow,femblowo1@marketwatch.com,Male,3.136.226.41
867,Den,McInility,dmcinilityo2@aol.com,Male,222.17.21.40
868,Foss,Ibbott,fibbotto3@usnews.com,Male,159.5.229.91
869,Web,Geraldo,wgeraldoo4@histats.com,Male,11.62.145.11
870,Alonso,Lownds,alowndso5@springer.com,Male,62.87.183.173
871,Olivia,Petyankin,opetyankino6@networkadvertising.org,Female,177.203.244.131
872,Michal,Lassen,mlasseno7@sphinn.com,Female,199.238.69.240
873,Anett,Dowbakin,adowbakino8@shutterfly.com,Female,150.122.167.53
874,Costa,Boggs,cboggso9@google.com,Male,27.195.226.247
875,Agatha,MacGauhy,amacgauhyoa@gravatar.com,Genderqueer,162.183.59.129
876,Arthur,Lanahan,alanahanob@mapquest.com,Male,231.33.84.26
877,Spence,Begwell,sbegwelloc@soundcloud.com,Male,238.224.236.120
878,Vance,Cogley,vcogleyod@cnet.com,Male,127.89.3.62
879,Sam,Millery,smilleryoe@slashdot.org,Female,22.250.118.74
880,Henrietta,Brouard,hbrouardof@gov.uk,Genderfluid,102.29.136.30
881,Brander,Evemy,bevemyog@narod.ru,Agender,114.42.90.237
882,Joyann,Biggans,jbiggansoh@woothemes.com,Female,23.67.206.165
883,Elia,Lindegard,elindegardoi@tinyurl.com,Male,253.242.12.210
884,Dore,Murr,dmurroj@unc.edu,Male,213.231.239.204
885,Bianka,Lamb,blambok@reuters.com,Agender,11.44.182.250
886,Corey,Boughtwood,cboughtwoodol@msu.edu,Female,58.69.204.178
887,Donalt,Yakunkin,dyakunkinom@hhs.gov,Male,134.35.203.70
888,Kippie,Valenta,kvalentaon@a8.net,Female,115.164.193.43
889,Levy,Tayt,ltaytoo@soundcloud.com,Male,182.185.243.75
890,Carmel,Rubrow,crubrowop@va.gov,Female,229.37.54.115
891,Rona,Plover,rploveroq@statcounter.com,Female,246.240.199.207
892,Tadeas,Hundley,thundleyor@artisteer.com,Male,150.176.25.107
893,Jared,Blaby,jblabyos@devhub.com,Male,8.75.211.132
894,Goldi,Matthiae,gmatthiaeot@bluehost.com,Female,200.1.1.22
895,Ami,Eggerton,aeggertonou@joomla.org,Female,188.64.58.132
896,Auria,Lidgey,alidgeyov@g.co,Genderqueer,37.19.94.22
897,Timi,Carncross,tcarncrossow@domainmarket.com,Genderqueer,239.35.205.163
898,Judy,Chard,jchardox@cbc.ca,Female,121.208.133.151
899,Emogene,Leyninye,eleyninyeoy@ebay.com,Female,12.20.213.217
900,Aguie,Bleackley,ableackleyoz@wordpress.org,Male,71.3.29.159
901,Abbot,Adamowicz,aadamowiczp0@fc2.com,Male,248.202.242.189
902,Jud,Skinley,jskinleyp1@opera.com,Male,241.231.172.246
903,Gretchen,Vahey,gvaheyp2@shutterfly.com,Female,150.135.212.100
904,Marney,Cartan,mcartanp3@wikimedia.org,Female,85.146.23.10
905,Leola,Leupold,lleupoldp4@slashdot.org,Female,58.244.105.127
906,Celestina,Wickey,cwickeyp5@state.tx.us,Female,159.144.117.147
907,Petronilla,McVity,pmcvityp6@desdev.cn,Female,130.206.135.17
908,Pedro,Morena,pmorenap7@networkadvertising.org,Male,196.136.171.78
909,Grange,Denisyev,gdenisyevp8@whitehouse.gov,Male,53.90.231.75
910,Kerwinn,Tallow,ktallowp9@elpais.com,Male,75.211.187.211
911,Crosby,Gilcriest,cgilcriestpa@latimes.com,Male,40.126.155.153
912,Chantalle,Lewsley,clewsleypb@cnet.com,Agender,186.119.255.194
913,Wilden,Berens,wberenspc@fc2.com,Male,233.192.134.136
914,Nissy,Lanston,nlanstonpd@nhs.uk,Female,83.73.180.144
915,Ludwig,Side,lsidepe@hao123.com,Male,213.162.210.245
916,Cthrine,Dorkins,cdorkinspf@google.nl,Female,241.183.153.246
917,Giff,Coate,gcoatepg@msn.com,Male,229.81.23.85
918,Patience,McElmurray,pmcelmurrayph@qq.com,Female,13.6.165.177
919,Pollyanna,Handforth,phandforthpi@howstuffworks.com,Female,68.181.254.116
920,Isaiah,Brodest,ibrodestpj@sbwire.com,Male,117.162.84.239
921,Anestassia,Overton,aovertonpk@blogtalkradio.com,Female,57.44.230.130
922,Aldis,Franzotto,afranzottopl@moonfruit.com,Male,184.144.35.235
923,Ag,Adne,aadnepm@ucla.edu,Female,224.45.243.30
924,Odie,Mansion,omansionpn@craigslist.org,Male,21.12.167.13
925,Zelig,De Gregario,zdegregariopo@arizona.edu,Male,74.37.37.123
926,Humbert,Gingel,hgingelpp@ehow.com,Male,130.59.29.191
927,Evvie,Fancutt,efancuttpq@skype.com,Female,59.210.151.244
928,Granville,Chittie,gchittiepr@cocolog-nifty.com,Male,214.69.230.94
929,Jeromy,Haysom,jhaysomps@purevolume.com,Male,209.125.224.163
930,Madalyn,Liven,mlivenpt@google.ca,Female,56.208.177.166
931,Cody,Kinavan,ckinavanpu@tripadvisor.com,Female,168.100.106.17
932,Abagael,Onn,aonnpv@technorati.com,Female,184.147.146.124
933,Kendra,Christofe,kchristofepw@statcounter.com,Female,236.238.17.90
934,Tomaso,Pechold,tpecholdpx@joomla.org,Male,114.44.216.86
935,Dale,Dadge,ddadgepy@linkedin.com,Female,58.38.189.212
936,Ado,Frise,afrisepz@fastcompany.com,Male,216.64.255.206
937,Bird,De Vaar,bdevaarq0@woothemes.com,Female,75.25.17.96
938,Nancie,Tuftin,ntuftinq1@weebly.com,Female,126.21.23.219
939,Lorenzo,Raittie,lraittieq2@arstechnica.com,Male,202.106.145.157
940,Nevil,Gellert,ngellertq3@forbes.com,Male,218.26.45.74
941,Yulma,Learie,ylearieq4@amazon.co.uk,Genderfluid,188.230.169.208
942,Percival,Stiffell,pstiffellq5@naver.com,Male,39.54.231.133
943,Verney,St Clair,vstclairq6@ezinearticles.com,Male,147.239.49.208
944,Catherine,Ruddock,cruddockq7@huffingtonpost.com,Female,201.39.198.226
945,Augusta,Hulle,ahulleq8@ucsd.edu,Female,43.144.247.20
946,Christoffer,Coppo,ccoppoq9@redcross.org,Male,107.236.231.132
947,Kalvin,Wyborn,kwybornqa@theguardian.com,Male,229.178.249.66
948,Berry,Oakey,boakeyqb@google.fr,Female,65.135.247.216
949,Cissy,Le Gall,clegallqc@e-recht24.de,Female,152.150.193.105
950,Eben,Carberry,ecarberryqd@qq.com,Male,77.98.169.168
951,Sher,Burnep,sburnepqe@rediff.com,Female,226.236.71.74
952,Arin,Escalante,aescalanteqf@tamu.edu,Male,248.42.13.184
953,Kamilah,Badam,kbadamqg@gmpg.org,Female,237.68.70.255
954,Tomkin,Nisco,tniscoqh@privacy.gov.au,Male,218.159.42.181
955,Melloney,Ransbury,mransburyqi@tripadvisor.com,Female,210.180.9.182
956,Tristan,Naismith,tnaismithqj@wikia.com,Genderqueer,48.107.117.201
957,Marlin,Gare,mgareqk@xinhuanet.com,Male,191.127.239.217
958,Dino,Morphew,dmorphewql@nba.com,Male,78.126.46.126
959,Fabe,Vitte,fvitteqm@edublogs.org,Male,142.153.137.186
960,Kiah,Frift,kfriftqn@shinystat.com,Female,47.152.141.69
961,Arturo,Corker,acorkerqo@indiatimes.com,Male,209.74.14.93
962,Wendel,Gouley,wgouleyqp@bbb.org,Male,194.132.196.7
963,Lulita,Sutter,lsutterqq@paypal.com,Female,211.210.36.224
964,Cynde,Fielder,cfielderqr@jiathis.com,Female,21.127.108.168
965,Marlee,Gounin,mgouninqs@drupal.org,Female,50.87.162.154
966,Christa,Fosh,cfoshqt@sakura.ne.jp,Female,185.71.221.95
967,Rahal,Fullard,rfullardqu@feedburner.com,Female,198.237.232.234
968,Nerte,Al Hirsi,nalhirsiqv@wp.com,Female,95.85.103.207
969,Zared,Buswell,zbuswellqw@liveinternet.ru,Male,150.170.251.199
970,Celestina,Nerger,cnergerqx@abc.net.au,Female,43.166.144.55
971,Audra,Uren,aurenqy@meetup.com,Female,239.218.16.77
972,Meggi,Rodbourne,mrodbourneqz@clickbank.net,Female,252.56.57.142
973,Glenn,Ganderton,ggandertonr0@usda.gov,Male,139.155.163.245
974,Gerald,Crowley,gcrowleyr1@about.me,Male,246.26.171.94
975,Brade,Peggs,bpeggsr2@fotki.com,Male,27.57.107.106
976,Marty,Formoy,mformoyr3@craigslist.org,Female,82.189.245.232
977,Esra,Signe,esigner4@furl.net,Polygender,192.217.35.127
978,Cameron,Zecchetti,czecchettir5@nps.gov,Male,54.220.81.112
979,Wilhelm,Brookson,wbrooksonr6@list-manage.com,Male,89.131.10.186
980,Farrah,Rany,franyr7@wikia.com,Female,160.90.210.57
981,Ami,Mence,amencer8@weebly.com,Female,58.166.218.143
982,Teador,Tyzack,ttyzackr9@devhub.com,Male,141.247.130.157
983,Robinet,Huckell,rhuckellra@topsy.com,Male,128.129.244.245
984,Brier,Penni,bpennirb@cam.ac.uk,Genderqueer,30.212.82.251
985,Arley,Castellini,acastellinirc@weather.com,Male,254.187.35.57
986,Katusha,Kollatsch,kkollatschrd@last.fm,Female,195.244.140.73
987,Lita,Blofield,lblofieldre@ocn.ne.jp,Female,222.38.68.70
988,Marlane,Bartosik,mbartosikrf@tripadvisor.com,Female,54.254.75.148
989,Meredith,Espinola,mespinolarg@yale.edu,Male,76.107.54.255
990,Pierette,Pietrowski,ppietrowskirh@ucoz.com,Female,226.192.183.98
991,Crawford,Lachaize,clachaizeri@themeforest.net,Male,146.98.23.74
992,Sharla,Plom,splomrj@cbc.ca,Female,123.166.154.69
993,Albertine,Hendrickx,ahendrickxrk@google.fr,Female,237.208.82.107
994,Cirstoforo,Lepope,clepoperl@cbslocal.com,Male,92.6.86.155
995,Jasun,Fagg,jfaggrm@google.co.jp,Male,26.40.3.201
996,Ronni,Vousden,rvousdenrn@csmonitor.com,Female,105.255.128.93
997,Chrystel,Tourle,ctourlero@dropbox.com,Female,31.92.47.26
998,Lawry,Tesdale,ltesdalerp@sun.com,Male,218.246.146.171
999,Yule,Abrahamson,yabrahamsonrq@blogs.com,Male,102.86.91.103
1000,Jacobo,Amthor,jamthorrr@blogger.com,Male,172.90.143.124